epoch,time,train/box_loss,train/cls_loss,train/dfl_loss,metrics/precision(B),metrics/recall(B),metrics/mAP50(B),metrics/mAP50-95(B),val/box_loss,val/cls_loss,val/dfl_loss,lr/pg0,lr/pg1,lr/pg2
1,392.776,1.06192,4.2542,1.48938,0.03479,0.87996,0.1434,0.11182,0.81086,4.42024,1.2962,0.000109832,0.000109832,0.000109832
2,751.203,0.91447,3.69,1.38681,0.56581,0.27621,0.3309,0.2608,0.86308,3.82884,1.28549,0.00011152,0.00011152,0.00011152
