{"_runtime":378.1648731,"_timestamp":1.7411898533244936e+09,"lr/pg0":0.00010983157894736843,"lr/pg2":0.00010983157894736843,"train/cls_loss":4.2542,"train/box_loss":1.06192,"_wandb":{"runtime":378},"train/dfl_loss":1.48938,"lr/pg1":0.00010983157894736843,"_step":1}